{"app":["/app-332fd5edc8f5075582f4.js"],"component---src-pages-about-page-jsx":["/component---src-pages-about-page-jsx-03b7a21b3ab4ab560b66.js"],"component---src-pages-faq-page-jsx":["/component---src-pages-faq-page-jsx-c349402c7070d48ee9e1.js"],"component---src-pages-index-jsx":["/component---src-pages-index-jsx-7e15458bfdc5dbc3f7cf.js"],"component---src-pages-main-page-jsx":["/component---src-pages-main-page-jsx-47103b14bf6142084dcc.js"],"component---src-pages-page-footer-jsx":["/component---src-pages-page-footer-jsx-6abd3c4a7a72c01fff29.js"],"component---src-pages-page-header-jsx":["/component---src-pages-page-header-jsx-0e4d723844d7c32eac42.js"],"component---src-pages-preview-page-jsx":["/component---src-pages-preview-page-jsx-b4c87c121ad9a8691596.js"],"component---src-pages-sponsors-page-jsx":["/component---src-pages-sponsors-page-jsx-4a9cc27bdc0122b063a1.js"]}