{"errors":[],"warnings":[],"namedChunkGroups":{"app":{"chunks":[10,0,1],"assets":["webpack-runtime-d3b4b34d7679be5f70b7.js","webpack-runtime-d3b4b34d7679be5f70b7.js.map","commons-99454e87587f4128d07d.js","commons-99454e87587f4128d07d.js.map","app-332fd5edc8f5075582f4.js","app-332fd5edc8f5075582f4.js.map"],"children":{},"childAssets":{}},"component---src-pages-about-page-jsx":{"chunks":[0,2],"assets":["commons-99454e87587f4128d07d.js","commons-99454e87587f4128d07d.js.map","component---src-pages-about-page-jsx-03b7a21b3ab4ab560b66.js","component---src-pages-about-page-jsx-03b7a21b3ab4ab560b66.js.map"],"children":{},"childAssets":{}},"component---src-pages-faq-page-jsx":{"chunks":[0,3],"assets":["commons-99454e87587f4128d07d.js","commons-99454e87587f4128d07d.js.map","component---src-pages-faq-page-jsx-c349402c7070d48ee9e1.js","component---src-pages-faq-page-jsx-c349402c7070d48ee9e1.js.map"],"children":{},"childAssets":{}},"component---src-pages-index-jsx":{"chunks":[0,4],"assets":["commons-99454e87587f4128d07d.js","commons-99454e87587f4128d07d.js.map","component---src-pages-index-jsx-db83b584499be20a7db2.js","component---src-pages-index-jsx-db83b584499be20a7db2.js.map"],"children":{},"childAssets":{}},"component---src-pages-main-page-jsx":{"chunks":[0,5],"assets":["commons-99454e87587f4128d07d.js","commons-99454e87587f4128d07d.js.map","component---src-pages-main-page-jsx-47103b14bf6142084dcc.js","component---src-pages-main-page-jsx-47103b14bf6142084dcc.js.map"],"children":{},"childAssets":{}},"component---src-pages-page-footer-jsx":{"chunks":[0,6],"assets":["commons-99454e87587f4128d07d.js","commons-99454e87587f4128d07d.js.map","component---src-pages-page-footer-jsx-6abd3c4a7a72c01fff29.js","component---src-pages-page-footer-jsx-6abd3c4a7a72c01fff29.js.map"],"children":{},"childAssets":{}},"component---src-pages-page-header-jsx":{"chunks":[0,7],"assets":["commons-99454e87587f4128d07d.js","commons-99454e87587f4128d07d.js.map","component---src-pages-page-header-jsx-0e4d723844d7c32eac42.js","component---src-pages-page-header-jsx-0e4d723844d7c32eac42.js.map"],"children":{},"childAssets":{}},"component---src-pages-preview-page-jsx":{"chunks":[0,8],"assets":["commons-99454e87587f4128d07d.js","commons-99454e87587f4128d07d.js.map","component---src-pages-preview-page-jsx-b4c87c121ad9a8691596.js","component---src-pages-preview-page-jsx-b4c87c121ad9a8691596.js.map"],"children":{},"childAssets":{}},"component---src-pages-sponsors-page-jsx":{"chunks":[0,9],"assets":["commons-99454e87587f4128d07d.js","commons-99454e87587f4128d07d.js.map","component---src-pages-sponsors-page-jsx-4a9cc27bdc0122b063a1.js","component---src-pages-sponsors-page-jsx-4a9cc27bdc0122b063a1.js.map"],"children":{},"childAssets":{}}},"assetsByChunkName":{"app":["webpack-runtime-d3b4b34d7679be5f70b7.js","commons-99454e87587f4128d07d.js","app-332fd5edc8f5075582f4.js"],"component---src-pages-about-page-jsx":["commons-99454e87587f4128d07d.js","component---src-pages-about-page-jsx-03b7a21b3ab4ab560b66.js"],"component---src-pages-faq-page-jsx":["commons-99454e87587f4128d07d.js","component---src-pages-faq-page-jsx-c349402c7070d48ee9e1.js"],"component---src-pages-index-jsx":["commons-99454e87587f4128d07d.js","component---src-pages-index-jsx-db83b584499be20a7db2.js"],"component---src-pages-main-page-jsx":["commons-99454e87587f4128d07d.js","component---src-pages-main-page-jsx-47103b14bf6142084dcc.js"],"component---src-pages-page-footer-jsx":["commons-99454e87587f4128d07d.js","component---src-pages-page-footer-jsx-6abd3c4a7a72c01fff29.js"],"component---src-pages-page-header-jsx":["commons-99454e87587f4128d07d.js","component---src-pages-page-header-jsx-0e4d723844d7c32eac42.js"],"component---src-pages-preview-page-jsx":["commons-99454e87587f4128d07d.js","component---src-pages-preview-page-jsx-b4c87c121ad9a8691596.js"],"component---src-pages-sponsors-page-jsx":["commons-99454e87587f4128d07d.js","component---src-pages-sponsors-page-jsx-4a9cc27bdc0122b063a1.js"]}}